naam,start_time,1_tijd,vragen_goed,1,eind_time,tijd_delta
y,1651602200.2975578,0.9983291625976562,0,False,1651602203.1024678,2.8049099445343018
